ticker,name,sector,score,price,vs_ma200,ma200_slope,atr_dist,rsi,pct_b,dd_52w,fib,vol_climax,macd_div,hits,scores,in_channel,grade,fund_verdict,fin_score,fin_grade,first_weight,invalidation
GNRC,Generac,Industrials,13.8,216.8,0.0198,0.0565,2.56,30.5,-0.206,0.266,0.653,False,True,"rsi,bollinger_pct_b,drawdown_52w,fib_retracement,macd_divergence","atr_distance:1.23,rsi:1.07,bollinger_pct_b:1.85,drawdown_52w:1.01,fib_retracement:1.12,volume_climax:1.36,macd_divergence:3",False,A,통과,81.1,A,0.4,155.97
CIEN,Ciena,Information Technology,13.1,391.34,0.0,0.1802,2.82,32.8,-0.143,0.376,0.761,False,True,"bollinger_pct_b,drawdown_52w,macd_divergence","atr_distance:1.47,rsi:0.9,bollinger_pct_b:1.64,drawdown_52w:1.6,fib_retracement:0.51,volume_climax:0.96,macd_divergence:3",False,A,통과,75.5,B,0.4,279.36
ROP,Roper Technologies,Information Technology,12.1,354.32,-0.0375,-0.0627,3.46,25.6,-0.021,0.314,0.8,True,False,"atr_distance,rsi,bollinger_pct_b,drawdown_52w,volume_climax","atr_distance:2.05,rsi:1.44,bollinger_pct_b:1.24,drawdown_52w:1.26,fib_retracement:0.28,volume_climax:3,macd_divergence:0",False,A,통과,73.2,B,0.444,277.6
HRL,Hormel Foods,Consumer Staples,14.2,20.25,-0.1124,0.0089,4.13,21.7,-0.129,0.227,0.917,False,True,"atr_distance,rsi,bollinger_pct_b,macd_divergence","atr_distance:2.66,rsi:1.73,bollinger_pct_b:1.6,drawdown_52w:0.79,fib_retracement:0,volume_climax:1.15,macd_divergence:3",False,A,통과,70.7,B,0.444,16.17
TPR,"Tapestry, Inc.",Consumer Discretionary,12.9,118.12,-0.1429,0.0493,3.41,25.3,0.056,0.28,0.858,False,True,"atr_distance,rsi,drawdown_52w,macd_divergence","atr_distance:2.01,rsi:1.46,bollinger_pct_b:0.98,drawdown_52w:1.08,fib_retracement:0,volume_climax:1.39,macd_divergence:3",False,A,통과,67.7,B,0.444,91.68
ALB,Albemarle Corporation,Materials,14.3,104.59,-0.3229,0.0381,3.63,29.1,-0.132,0.512,1.0,False,True,"atr_distance,rsi,bollinger_pct_b,drawdown_52w,macd_divergence","atr_distance:2.21,rsi:1.18,bollinger_pct_b:1.61,drawdown_52w:2,fib_retracement:0,volume_climax:1.02,macd_divergence:3",True,B,주의,88.5,A,0.267,76.06
PYPL,PayPal,Financials,11.7,52.8,0.0558,-0.0545,3.76,32.3,-0.286,0.299,0.615,False,False,"atr_distance,bollinger_pct_b,drawdown_52w,fib_retracement","atr_distance:2.33,rsi:0.94,bollinger_pct_b:2,drawdown_52w:1.18,fib_retracement:1.34,volume_climax:1.19,macd_divergence:0",False,B,조건부,78.4,B,0.4,35.73
TXT,Textron,Industrials,12.0,77.26,-0.1374,0.006,2.89,27.0,-0.088,0.233,0.95,False,True,"atr_distance,rsi,bollinger_pct_b,macd_divergence","atr_distance:1.53,rsi:1.33,bollinger_pct_b:1.46,drawdown_52w:0.83,fib_retracement:0,volume_climax:1.05,macd_divergence:3",False,B,주의,78.0,B,0.444,61.87
ABNB,Airbnb,Consumer Discretionary,11.9,162.43,0.132,0.0993,4.36,26.5,-0.212,0.147,0.686,True,False,"atr_distance,rsi,bollinger_pct_b,volume_climax","atr_distance:2.87,rsi:1.37,bollinger_pct_b:1.87,drawdown_52w:0.36,fib_retracement:0.94,volume_climax:1.74,macd_divergence:0",False,B,조건부,77.5,B,0.4,126.27
WRB,W. R. Berkley Corporation,Financials,13.2,68.98,0.0086,-0.0096,1.78,33.8,0.047,0.096,0.547,True,True,"bollinger_pct_b,fib_retracement,volume_climax,macd_divergence","atr_distance:0.53,rsi:0.83,bollinger_pct_b:1.01,drawdown_52w:0.09,fib_retracement:1.73,volume_climax:3,macd_divergence:3",False,B,일부확인,70.2,B,0.444,56.06
PAYX,Paychex,Industrials,11.7,98.94,-0.0323,0.0047,4.92,19.8,-0.147,0.223,0.985,True,False,"atr_distance,rsi,bollinger_pct_b,volume_climax","atr_distance:3,rsi:1.87,bollinger_pct_b:1.66,drawdown_52w:0.77,fib_retracement:0,volume_climax:1.68,macd_divergence:0",False,B,조건부,66.8,B,0.4,73.58
PTC,PTC Inc.,Information Technology,13.4,144.03,-0.0075,-0.0951,3.73,32.8,-0.263,0.3,0.661,True,False,"atr_distance,bollinger_pct_b,drawdown_52w,fib_retracement,volume_climax","atr_distance:2.3,rsi:0.9,bollinger_pct_b:2,drawdown_52w:1.19,fib_retracement:1.08,volume_climax:2.86,macd_divergence:0",False,B,조건부,66.1,B,0.4,98.85
CASY,Casey's,Consumer Staples,12.0,617.76,-0.1556,0.0969,5.0,18.3,-0.219,0.325,0.9,False,False,"atr_distance,rsi,bollinger_pct_b,drawdown_52w","atr_distance:3,rsi:1.98,bollinger_pct_b:1.9,drawdown_52w:1.33,fib_retracement:0,volume_climax:1.06,macd_divergence:0",False,B,조건부,63.3,C,0.444,464.54
PCG,PG&E Corporation,Utilities,11.8,12.32,-0.2523,0.0016,4.73,22.0,-0.493,0.352,0.948,False,False,"atr_distance,rsi,bollinger_pct_b,drawdown_52w","atr_distance:3,rsi:1.7,bollinger_pct_b:2,drawdown_52w:1.47,fib_retracement:0,volume_climax:0.88,macd_divergence:0",True,B,조건부,49.9,D,0.2,8.97
ARES,Ares Management,Financials,11.7,117.55,-0.0759,-0.0421,2.68,30.5,-0.189,0.313,0.688,True,False,"rsi,bollinger_pct_b,drawdown_52w,volume_climax","atr_distance:1.34,rsi:1.07,bollinger_pct_b:1.8,drawdown_52w:1.26,fib_retracement:0.92,volume_climax:2.6,macd_divergence:0",False,,,,,0.444,87.88
EIX,Edison International,Utilities,11.6,53.89,-0.199,0.0576,4.57,22.2,-0.428,0.33,0.916,False,False,"atr_distance,rsi,bollinger_pct_b,drawdown_52w","atr_distance:3,rsi:1.69,bollinger_pct_b:2,drawdown_52w:1.35,fib_retracement:0,volume_climax:0.89,macd_divergence:0",False,,,,,0.444,40.11
ON,ON Semiconductor,Information Technology,11.4,84.89,0.0551,0.1187,1.63,35.4,-0.223,0.366,0.728,False,True,"bollinger_pct_b,drawdown_52w,macd_divergence","atr_distance:0.39,rsi:0.71,bollinger_pct_b:1.91,drawdown_52w:1.55,fib_retracement:0.7,volume_climax:0.55,macd_divergence:3",False,,,,,0.4,61.99
AKAM,Akamai Technologies,Information Technology,11.4,108.92,-0.0247,0.0982,1.67,38.8,0.184,0.324,0.922,True,True,"drawdown_52w,volume_climax,macd_divergence","atr_distance:0.43,rsi:0.46,bollinger_pct_b:0.55,drawdown_52w:1.32,fib_retracement:0,volume_climax:3,macd_divergence:3",False,,,,,0.4,73.45
RCL,Royal Caribbean Group,Consumer Discretionary,11.4,277.74,-0.022,0.0006,3.63,19.2,-0.035,0.189,0.577,False,False,"atr_distance,rsi,bollinger_pct_b,fib_retracement","atr_distance:2.21,rsi:1.91,bollinger_pct_b:1.28,drawdown_52w:0.59,fib_retracement:1.56,volume_climax:1.23,macd_divergence:0",False,,,,,0.4,208.37
DLTR,Dollar Tree,Consumer Staples,11.2,112.16,-0.0437,0.0589,3.0,30.4,-0.249,0.206,0.534,False,False,"atr_distance,rsi,bollinger_pct_b,fib_retracement","atr_distance:1.64,rsi:1.08,bollinger_pct_b:2,drawdown_52w:0.68,fib_retracement:1.81,volume_climax:1.44,macd_divergence:0",False,,,,,0.4,76.38
LIN,Linde plc,Materials,11.1,479.48,-0.0083,0.0362,2.33,29.5,-0.111,0.12,0.748,False,True,"rsi,bollinger_pct_b,macd_divergence","atr_distance:1.03,rsi:1.15,bollinger_pct_b:1.54,drawdown_52w:0.22,fib_retracement:0.58,volume_climax:1.04,macd_divergence:3",False,,,,,0.444,392.84
HIG,Hartford (The),Financials,11.0,126.05,-0.0653,0.018,4.21,23.6,-0.155,0.131,0.837,True,False,"atr_distance,rsi,bollinger_pct_b,volume_climax","atr_distance:2.74,rsi:1.59,bollinger_pct_b:1.68,drawdown_52w:0.28,fib_retracement:0.07,volume_climax:2.11,macd_divergence:0",False,,,,,0.444,101.92
ALLE,Allegion,Industrials,10.9,154.21,0.0334,-0.0241,2.75,38.1,-0.099,0.132,0.443,True,False,"bollinger_pct_b,fib_retracement,volume_climax","atr_distance:1.41,rsi:0.51,bollinger_pct_b:1.5,drawdown_52w:0.28,fib_retracement:1.68,volume_climax:3,macd_divergence:0",False,,,,,0.4,119.72
O,Realty Income,Real Estate,10.8,54.13,-0.1086,0.0269,4.65,12.1,-0.15,0.178,0.951,False,False,"atr_distance,rsi,bollinger_pct_b","atr_distance:3,rsi:2,bollinger_pct_b:1.67,drawdown_52w:0.53,fib_retracement:0,volume_climax:1.15,macd_divergence:0",False,,,,,0.571,46.12
EME,Emcor,Industrials,10.8,786.61,0.0186,0.0485,2.13,39.3,0.016,0.166,0.579,False,True,"bollinger_pct_b,fib_retracement,macd_divergence","atr_distance:0.84,rsi:0.42,bollinger_pct_b:1.11,drawdown_52w:0.47,fib_retracement:1.55,volume_climax:0.9,macd_divergence:3",False,,,,,0.4,611.64
KHC,Kraft Heinz,Consumer Staples,10.7,22.19,-0.0461,0.0161,3.01,24.4,-0.109,0.184,1.0,True,False,"atr_distance,rsi,bollinger_pct_b,volume_climax","atr_distance:1.65,rsi:1.52,bollinger_pct_b:1.53,drawdown_52w:0.56,fib_retracement:0,volume_climax:3,macd_divergence:0",False,,,,,0.444,17.4
LUV,Southwest Airlines,Industrials,10.7,42.47,-0.016,0.0761,3.83,25.2,0.095,0.215,0.641,True,False,"atr_distance,rsi,fib_retracement,volume_climax","atr_distance:2.39,rsi:1.47,bollinger_pct_b:0.85,drawdown_52w:0.73,fib_retracement:1.2,volume_climax:1.58,macd_divergence:0",False,,,,,0.4,31.64
ABT,Abbott Laboratories,Health Care,10.6,97.5,-0.0547,-0.0575,3.2,25.7,-0.058,0.259,0.687,True,False,"atr_distance,rsi,bollinger_pct_b,volume_climax","atr_distance:1.82,rsi:1.43,bollinger_pct_b:1.36,drawdown_52w:0.97,fib_retracement:0.93,volume_climax:1.66,macd_divergence:0",False,,,,,0.4,72.14
CI,Cigna,Health Care,10.6,270.53,-0.0242,0.0041,2.0,36.3,-0.048,0.11,0.516,False,True,"bollinger_pct_b,fib_retracement,macd_divergence","atr_distance:0.73,rsi:0.64,bollinger_pct_b:1.33,drawdown_52w:0.16,fib_retracement:1.91,volume_climax:0.35,macd_divergence:3",False,,,,,0.4,212.39
BXP,"BXP, Inc.",Real Estate,10.6,60.45,-0.0268,-0.0115,2.43,30.9,-0.042,0.173,0.552,True,False,"rsi,bollinger_pct_b,fib_retracement,volume_climax","atr_distance:1.12,rsi:1.04,bollinger_pct_b:1.31,drawdown_52w:0.5,fib_retracement:1.7,volume_climax:2.46,macd_divergence:0",False,,,,,0.4,44.18
CCL,Carnival Corporation,Consumer Discretionary,10.6,25.76,-0.0545,-0.0201,3.93,26.9,-0.007,0.23,0.66,False,False,"atr_distance,rsi,bollinger_pct_b,fib_retracement","atr_distance:2.48,rsi:1.34,bollinger_pct_b:1.19,drawdown_52w:0.81,fib_retracement:1.09,volume_climax:1.25,macd_divergence:0",True,,,,,0.267,19.44
WTW,Willis Towers Watson,Financials,10.6,288.61,-0.0305,-0.0069,3.49,26.3,-0.183,0.177,0.994,True,False,"atr_distance,rsi,bollinger_pct_b,volume_climax","atr_distance:2.08,rsi:1.39,bollinger_pct_b:1.78,drawdown_52w:0.53,fib_retracement:0,volume_climax:2.37,macd_divergence:0",False,,,,,0.4,212.29
NEE,NextEra Energy,Utilities,10.5,76.83,-0.1099,0.0123,4.31,19.6,-0.194,0.203,0.936,False,False,"atr_distance,rsi,bollinger_pct_b","atr_distance:2.83,rsi:1.88,bollinger_pct_b:1.81,drawdown_52w:0.67,fib_retracement:0,volume_climax:0.88,macd_divergence:0",True,,,,,0.267,62.91
WY,Weyerhaeuser,Real Estate,10.5,18.47,-0.2231,0.008,4.96,16.6,-0.088,0.3,1.0,False,False,"atr_distance,rsi,bollinger_pct_b,drawdown_52w","atr_distance:3,rsi:2,bollinger_pct_b:1.46,drawdown_52w:1.19,fib_retracement:0,volume_climax:0.46,macd_divergence:0",False,,,,,0.444,14.38
KLAC,KLA Corporation,Information Technology,10.5,206.89,0.1655,0.1526,2.07,33.5,0.051,0.314,0.705,False,True,"drawdown_52w,macd_divergence","atr_distance:0.79,rsi:0.85,bollinger_pct_b:1,drawdown_52w:1.26,fib_retracement:0.83,volume_climax:0.38,macd_divergence:3",False,,,,,0.4,121.38
MRSH,Marsh McLennan,Financials,10.4,170.06,-0.0334,-0.004,3.25,29.2,-0.188,0.165,0.712,True,False,"atr_distance,rsi,bollinger_pct_b,volume_climax","atr_distance:1.87,rsi:1.17,bollinger_pct_b:1.79,drawdown_52w:0.46,fib_retracement:0.79,volume_climax:1.91,macd_divergence:0",False,,,,,0.444,137.67
DTE,DTE Energy,Utilities,10.4,124.45,-0.1028,0.0069,4.29,16.4,-0.086,0.187,0.888,False,False,"atr_distance,rsi,bollinger_pct_b","atr_distance:2.81,rsi:2,bollinger_pct_b:1.45,drawdown_52w:0.58,fib_retracement:0,volume_climax:1.16,macd_divergence:0",True,,,,,0.267,101.73
AIG,American International Group,Financials,10.3,74.93,-0.0164,-0.0006,1.72,34.7,-0.22,0.118,0.695,False,True,"bollinger_pct_b,macd_divergence","atr_distance:0.47,rsi:0.76,bollinger_pct_b:1.9,drawdown_52w:0.21,fib_retracement:0.89,volume_climax:0.66,macd_divergence:3",False,,,,,0.444,60.86
TPL,Texas Pacific Land Corporation,Energy,10.2,340.19,-0.1409,0.0534,2.11,35.1,-0.246,0.368,0.932,True,False,"bollinger_pct_b,drawdown_52w,volume_climax","atr_distance:0.83,rsi:0.73,bollinger_pct_b:1.99,drawdown_52w:1.56,fib_retracement:0,volume_climax:2.73,macd_divergence:0",True,,,,,0.2,252.72
FOX,Fox Corporation (Class B),Communication Services,10.1,55.89,-0.0088,-0.0016,1.96,37.6,0.023,0.167,0.488,True,False,"bollinger_pct_b,fib_retracement,volume_climax","atr_distance:0.69,rsi:0.55,bollinger_pct_b:1.09,drawdown_52w:0.47,fib_retracement:1.93,volume_climax:3,macd_divergence:0",False,,,,,0.4,38.87
MAR,Marriott International,Consumer Discretionary,10.1,358.96,0.0307,0.0721,2.77,29.2,-0.255,0.106,0.586,True,False,"rsi,bollinger_pct_b,fib_retracement,volume_climax","atr_distance:1.43,rsi:1.17,bollinger_pct_b:2,drawdown_52w:0.14,fib_retracement:1.51,volume_climax:1.52,macd_divergence:0",False,,,,,0.4,278.32
INVH,Invitation Homes,Real Estate,10.1,26.04,-0.0447,0.0194,3.74,20.3,-0.086,0.139,1.0,True,False,"atr_distance,rsi,bollinger_pct_b,volume_climax","atr_distance:2.31,rsi:1.83,bollinger_pct_b:1.45,drawdown_52w:0.32,fib_retracement:0,volume_climax:1.9,macd_divergence:0",False,,,,,0.444,20.76
CNC,Centene Corporation,Health Care,10.0,62.99,0.1932,0.1923,1.68,37.7,-0.034,0.092,0.762,True,True,"bollinger_pct_b,volume_climax,macd_divergence","atr_distance:0.44,rsi:0.54,bollinger_pct_b:1.28,drawdown_52w:0.07,fib_retracement:0.5,volume_climax:1.84,macd_divergence:3",False,,,,,0.4,27.98
DAL,Delta Air Lines,Industrials,12.3,84.09,0.1132,0.1069,3.86,29.5,0.033,0.1,0.548,True,False,"atr_distance,rsi,bollinger_pct_b,fib_retracement,volume_climax","atr_distance:2.41,rsi:1.15,bollinger_pct_b:1.06,drawdown_52w:0.11,fib_retracement:1.73,volume_climax:3,macd_divergence:0",False,C,차단,70.0,B,0.4,53.27
